artistContentId,artistName,completitionYear,contentId,image,title,details
204915,Vincent van Gogh,1889,207190,https://uploads4.wikiart.org/00142/images/vincent-van-gogh/the-starry-night.jpg,The Starry Night,https://www.wikiart.org/en/vincent-van-gogh/the-starry-night-1889
230332,Henri de Toulouse-Lautrec,1892,230453,https://uploads8.wikiart.org/images/henri-de-toulouse-lautrec/in-bed-the-kiss-1892.jpg,"In Bed, The Kiss",https://wikiart.org/en/henri-de-toulouse-lautrec/in-bed-the-kiss-1892
188828,Sandro Botticelli,1485,189114,https://uploads6.wikiart.org/images/sandro-botticelli/the-birth-of-venus-1485(1).jpg,The Birth of Venus,https://wikiart.org/en/sandro-botticelli/the-birth-of-venus-1485
210477,Raphael,1511,210558,https://uploads6.wikiart.org/images/raphael/school-of-athens-detail-from-right-hand-side-showing-diogenes-on-the-steps-and-euclid-1511.jpg,The School of Athens,https://wikiart.org/en/raphael/school-of-athens-detail-from-right-hand-side-showing-diogenes-on-the-steps-and-euclid-1511
211667,Claude Monet,1875,212081,https://uploads0.wikiart.org/images/claude-monet/madame-monet-and-child(1).jpg,Camille Monet and a Child in the Artist’s Garden in Argenteuil,https://wikiart.org/en/claude-monet/madame-monet-and-child
185969,Piet Mondrian,1923,185989,https://uploads3.wikiart.org/images/piet-mondrian/composition-a-1923.jpg,Composition A,https://wikiart.org/en/piet-mondrian/composition-a-1923
211667,Claude Monet,1873,212026,https://uploads2.wikiart.org/images/claude-monet/impression-sunrise.jpg,"Impression, sunrise",https://wikiart.org/en/claude-monet/impression-sunrise
191443,Gustav Klimt,1918,191513,https://uploads2.wikiart.org/images/gustav-klimt/lady-with-fan-1918.jpg,Lady with Fan,https://wikiart.org/en/gustav-klimt/lady-with-fan-1918
215455,Paul Cezanne,1895,215874,https://uploads1.wikiart.org/images/paul-cezanne/still-life-with-bottle-and-apple-basket-1894.jpg,Basket of Apples,https://wikiart.org/en/paul-cezanne/still-life-with-bottle-and-apple-basket-1894
204422,M.C. Escher,1946,204513,https://uploads3.wikiart.org/images/m-c-escher/eye.jpg,Eye,https://wikiart.org/en/m-c-escher/eye
191982,Edouard Manet,1863,192170,https://uploads6.wikiart.org/images/edouard-manet/the-luncheon-on-the-grass-1863.jpg,The Luncheon on the Grass,https://wikiart.org/en/edouard-manet/the-luncheon-on-the-grass-1863
194778,Hieronymus Bosch,1515,195402,https://uploads7.wikiart.org/images/hieronymus-bosch/the-garden-of-earthly-delights-1515-7.jpg,The Garden of Earthly Delights,https://wikiart.org/en/hieronymus-bosch/the-garden-of-earthly-delights-1515-7
211667,Claude Monet,1903,212001,https://uploads7.wikiart.org/images/claude-monet/house-of-parliament-sun.jpg,House of Parliament Sun,https://wikiart.org/en/claude-monet/house-of-parliament-sun
191285,Henri Rousseau,1910,191326,https://uploads8.wikiart.org/images/henri-rousseau/negro-attacked-by-a-jaguar-1910.jpg,Negro Attacked by a Jaguar,https://wikiart.org/en/henri-rousseau/negro-attacked-by-a-jaguar-1910
204422,M.C. Escher,1948,204488,https://uploads4.wikiart.org/images/m-c-escher/drawing-hands.jpg,Drawing Hands,https://wikiart.org/en/m-c-escher/drawing-hands
191443,Gustav Klimt,1907,191556,https://uploads0.wikiart.org/images/gustav-klimt/portrait-of-adele-bloch-bauer-i(1).jpg,Portrait of Adele Bloch-Bauer I,https://www.wikiart.org/en/gustav-klimt/portrait-of-adele-bloch-bauer-i-1907-1
185969,Piet Mondrian,1910,185979,https://uploads7.wikiart.org/images/piet-mondrian/avond-evening-the-red-tree-1910.jpg,Avond (Evening): The Red Tree,https://wikiart.org/en/piet-mondrian/avond-evening-the-red-tree-1910
229251,Andy Warhol,1963,229297,https://uploads8.wikiart.org/images/andy-warhol/elvis-presley(1).jpg,Elvis I & II,https://wikiart.org/en/andy-warhol/elvis-presley
189246, Wassily Kandinsky,1911,189284,https://uploads8.wikiart.org/images/wassily-kandinsky/composition-iv-1911.jpg,Composition IV,https://wikiart.org/en/wassily-kandinsky/composition-iv-1911
187964,John William Waterhouse,1889,188021,https://uploads7.wikiart.org/images/john-william-waterhouse/ophelia-1889.jpg,Ophelia,https://wikiart.org/en/john-william-waterhouse/ophelia-1889
238672,William Turner,1838,238719,https://uploads7.wikiart.org/images/william-turner/flint-castle.jpg,Flint Castle,https://wikiart.org/en/william-turner/flint-castle
216353,Peter Paul Rubens,1613,216472,https://uploads5.wikiart.org/images/peter-paul-rubens/jupiter-and-callisto-1613.jpg,Jupiter and Callisto,https://wikiart.org/en/peter-paul-rubens/jupiter-and-callisto-1613
225091,Leonardo da Vinci,1472,225105,https://uploads1.wikiart.org/images/leonardo-da-vinci/annunciation.jpg,Annunciation,https://wikiart.org/en/leonardo-da-vinci/annunciation
189246, Wassily Kandinsky,1925,189442,https://uploads0.wikiart.org/images/wassily-kandinsky/yellow-red-blue-1925.jpg,Yellow-Red-Blue,https://wikiart.org/en/wassily-kandinsky/yellow-red-blue-1925
211667,Claude Monet,1882,212581,https://uploads6.wikiart.org/images/claude-monet/the-manneport.jpg,The Manneport,https://wikiart.org/en/claude-monet/the-manneport
204422,M.C. Escher,1957,204614,https://uploads0.wikiart.org/images/m-c-escher/mosaic-ii.jpg,Mosaic II,https://wikiart.org/en/m-c-escher/mosaic-ii
231885,Lucian Freud,1952,231982,https://uploads5.wikiart.org/images/lucian-freud/girl-with-a-white-dog.jpg,Girl with a White Dog,https://wikiart.org/en/lucian-freud/girl-with-a-white-dog
191705,Gustave Courbet,1845,191980,https://uploads5.wikiart.org/images/gustave-courbet/the-desperate-man-self-portrait-1845.jpg,The Desperate Man (Self-Portrait),https://wikiart.org/en/gustave-courbet/the-desperate-man-self-portrait-1845
191285,Henri Rousseau,1891,191422,https://uploads8.wikiart.org/images/henri-rousseau/tiger-in-a-tropical-storm-surprised-1891.jpg,Tiger in a Tropical Storm (Surprised!),https://wikiart.org/en/henri-rousseau/tiger-in-a-tropical-storm-surprised-1891
235517,Edward Hopper,1929,235541,https://uploads8.wikiart.org/images/edward-hopper/chop-suey-1929.jpg,Chop Suey,https://wikiart.org/en/edward-hopper/chop-suey-1929
238672,William Turner,1839,238824,https://uploads4.wikiart.org/images/william-turner/the-fighting-temeraire-tugged-to-her-last-berth-to-be-broken-up.jpg,"The ""Fighting Temeraire"" Tugged to her Last Berth to be Broken up",https://wikiart.org/en/william-turner/the-fighting-temeraire-tugged-to-her-last-berth-to-be-broken-up
204422,M.C. Escher,1968,204600,https://uploads6.wikiart.org/images/m-c-escher/metamorphosis-iii-1968-1.jpg,Metamorphosis III,https://wikiart.org/en/m-c-escher/metamorphosis-iii-1968-1
211667,Claude Monet,1858,212844,https://uploads0.wikiart.org/images/claude-monet/view-at-rouelles-le-havre.jpg,View At Rouelles Le Havre,https://wikiart.org/en/claude-monet/view-at-rouelles-le-havre
204422,M.C. Escher,1946,204615,https://uploads4.wikiart.org/images/m-c-escher/mumified-frog.jpg,Mumified Frog,https://wikiart.org/en/m-c-escher/mumified-frog
199938,Paul Klee,1932,202339,https://uploads5.wikiart.org/images/paul-klee/to-the-parnassus-1932(2).jpg,Ad Parnassum,https://wikiart.org/en/paul-klee/to-the-parnassus-1932
191443,Gustav Klimt,1903,191481,https://uploads6.wikiart.org/images/gustav-klimt/farmhouse-with-birch-trees-1903.jpg,Farmhouse with Birch Trees,https://wikiart.org/en/gustav-klimt/farmhouse-with-birch-trees-1903
222127,Katsushika Hokusai,1831,223618,https://uploads6.wikiart.org/00129/images/katsushika-hokusai/the-great-wave-off-kanagawa.jpg,The Great Wave off Kanagawa,https://wikiart.org/en/katsushika-hokusai/the-great-wave-off-kanagawa
186729,Pieter Bruegel the Elder,1559,186769,https://uploads5.wikiart.org/images/pieter-bruegel-the-elder/netherlandish-proverbs-1559.jpg,Netherlandish Proverbs,https://wikiart.org/en/pieter-bruegel-the-elder/netherlandish-proverbs-1559
187964,John William Waterhouse,1893,188063,https://uploads0.wikiart.org/images/john-william-waterhouse/the-naiad-1893.jpg,The Naiad,https://wikiart.org/en/john-william-waterhouse/the-naiad-1893
187420,Eugene Delacroix,1830,187963,https://uploads5.wikiart.org/images/eugene-delacroix/the-liberty-leading-the-people-1830.jpg,The Liberty Leading the People,https://wikiart.org/en/eugene-delacroix/the-liberty-leading-the-people-1830
225091,Leonardo da Vinci,1481,225150,https://uploads4.wikiart.org/images/leonardo-da-vinci/drawings-of-water-lifting-devices.jpg,Drawings of Water Lifting Devices,https://wikiart.org/en/leonardo-da-vinci/drawings-of-water-lifting-devices
204915,Vincent van Gogh,1890,205758,https://uploads6.wikiart.org/images/vincent-van-gogh/branches-with-almond-blossom-1890(1).jpg,Branches with Almond Blossom,https://wikiart.org/en/vincent-van-gogh/branches-with-almond-blossom-1890
204422,M.C. Escher,1926,204434,https://uploads5.wikiart.org/images/m-c-escher/birds.jpg,Birds,https://wikiart.org/en/m-c-escher/birds
191443,Gustav Klimt,1909,191612,https://uploads6.wikiart.org/images/gustav-klimt/the-tree-of-life-stoclet-frieze.jpg,"The Tree of Life, Stoclet Frieze",https://wikiart.org/en/gustav-klimt/the-tree-of-life-stoclet-frieze
185969,Piet Mondrian,1911,185975,https://uploads3.wikiart.org/images/piet-mondrian/the-gray-tree-1911.jpg,The Gray Tree,https://wikiart.org/en/piet-mondrian/the-gray-tree-1911
222127,Katsushika Hokusai,1830,222204,https://uploads1.wikiart.org/images/katsushika-hokusai/hibiscus-and-sparrow.jpg,Hibiscus and Sparrow,https://wikiart.org/en/katsushika-hokusai/hibiscus-and-sparrow
225091,Leonardo da Vinci,1505,225100,https://uploads7.wikiart.org/images/leonardo-da-vinci/anatomical-studies.jpg,Anatomical studies,https://wikiart.org/en/leonardo-da-vinci/anatomical-studies
194778,Hieronymus Bosch,1485,195443,https://uploads3.wikiart.org/images/hieronymus-bosch/the-seven-deadly-sins-and-the-four-last-things-1485.jpg,The Seven Deadly Sins and the Four Last Things,https://wikiart.org/en/hieronymus-bosch/the-seven-deadly-sins-and-the-four-last-things-1485
191982,Edouard Manet,1882,192007,https://uploads1.wikiart.org/images/edouard-manet/a-bar-at-the-folies-bergere-1882-1.jpg,A Bar at the Folies-Bergere,https://wikiart.org/en/edouard-manet/a-bar-at-the-folies-bergere-1882-1
186729,Pieter Bruegel the Elder,1559,186748,https://uploads5.wikiart.org/images/pieter-bruegel-the-elder/fight-between-carnival-and-lent-1559.jpg,The Fight between Carnival and Lent,https://www.wikiart.org/en/pieter-bruegel-the-elder/the-fight-between-carnival-and-lent-1559-1
238672,William Turner,1796,238718,https://uploads2.wikiart.org/images/william-turner/fishermen-at-sea.jpg,Fishermen at Sea,https://wikiart.org/en/william-turner/fishermen-at-sea
234080,Robert Delaunay,1912,234096,https://uploads4.wikiart.org/images/robert-delaunay/rhythm-1.jpg,Rhythm,https://wikiart.org/en/robert-delaunay/rhythm-1
204422,M.C. Escher,-1,204866,https://uploads1.wikiart.org/images/m-c-escher/symmetry-watercolor-106-bird.jpg,Symmetry Watercolor 106 Bird,https://wikiart.org/en/m-c-escher/symmetry-watercolor-106-bird
213253,Edgar Degas,1884,213737,https://uploads4.wikiart.org/images/edgar-degas/the-pink-dancers-before-the-ballet-1884.jpg,"The Pink Dancers, Before the Ballet",https://wikiart.org/en/edgar-degas/the-pink-dancers-before-the-ballet-1884
235517,Edward Hopper,1951,235627,https://uploads1.wikiart.org/images/edward-hopper/rooms-by-the-sea.jpg,Rooms By The Sea,https://wikiart.org/en/edward-hopper/rooms-by-the-sea
231479,Cy Twombly,1961,231562,https://uploads8.wikiart.org/images/cy-twombly/untitled.jpg,Untitled,https://wikiart.org/en/cy-twombly/untitled
186729,Pieter Bruegel the Elder,1565,186753,https://uploads4.wikiart.org/00129/images/pieter-bruegel-the-elder/hunters-in-the-snow.jpg,Hunters in the Snow,https://wikiart.org/en/pieter-bruegel-the-elder/hunters-in-the-snow
235517,Edward Hopper,1937,235636,https://uploads1.wikiart.org/images/edward-hopper/sheridan-theatre.jpg,Sheridan Theatre,https://wikiart.org/en/edward-hopper/sheridan-theatre
201359,Gustave Dore,-1,201973,https://uploads6.wikiart.org/images/gustave-dore/the-inferno-canto-21-1.jpg,"The Inferno, Canto 21",https://wikiart.org/en/gustave-dore/the-inferno-canto-21-1
215455,Paul Cezanne,1895,215706,https://uploads6.wikiart.org/images/paul-cezanne/mont-sainte-victoire-3.jpg,Mont Sainte-Victoire,https://wikiart.org/en/paul-cezanne/mont-sainte-victoire-3
247591,Norman Rockwell,1964,247833,https://uploads2.wikiart.org/images/norman-rockwell/the-problem-we-all-live-with-1935.jpg,The problem we all live with,https://wikiart.org/en/norman-rockwell/the-problem-we-all-live-with-1935
204422,M.C. Escher,1946,204588,https://uploads3.wikiart.org/images/m-c-escher/magic-mirror.jpg,Magic Mirror,https://wikiart.org/en/m-c-escher/magic-mirror
191982,Edouard Manet,1863,192068,https://uploads6.wikiart.org/images/edouard-manet/olympia-1863.jpg,Olympia,https://wikiart.org/en/edouard-manet/olympia-1863
193829,Francisco Goya,1800,193994,https://uploads0.wikiart.org/images/francisco-goya/nude-maja-1800.jpg,Nude Maja,https://wikiart.org/en/francisco-goya/nude-maja-1800
211667,Claude Monet,1864,211986,https://uploads5.wikiart.org/images/claude-monet/hauling-a-boat-ashore-honfleur.jpg,"Hauling a Boat Ashore, Honfleur",https://wikiart.org/en/claude-monet/hauling-a-boat-ashore-honfleur
200491,Albrecht Durer,-1,200692,https://uploads4.wikiart.org/images/albrecht-durer/feet-of-an-apostle.jpg,Feet of an apostle,https://wikiart.org/en/albrecht-durer/feet-of-an-apostle
222127,Katsushika Hokusai,-1,223530,https://uploads1.wikiart.org/images/katsushika-hokusai/ocean-waves.jpg,Ocean waves,https://wikiart.org/en/katsushika-hokusai/ocean-waves
231885,Lucian Freud,1939,231926,https://uploads2.wikiart.org/images/lucian-freud/box-of-apples-in-wales-1939.jpg,Box of Apples in Wales,https://wikiart.org/en/lucian-freud/box-of-apples-in-wales-1939
247591,Norman Rockwell,1953,247781,https://uploads6.wikiart.org/images/norman-rockwell/portrait-of-norman-rockwell-painting-the-soda-jerk-1953.jpg,Portrait of Norman Rockwell Painting the Soda Jerk,https://wikiart.org/en/norman-rockwell/portrait-of-norman-rockwell-painting-the-soda-jerk-1953
211667,Claude Monet,1896,212555,https://uploads1.wikiart.org/images/claude-monet/the-japanese-bridge-the-bridge-in-monet-s-garden-1896.jpg,The Japanese Bridge (The Bridge in Monet's Garden),https://wikiart.org/en/claude-monet/the-japanese-bridge-the-bridge-in-monet-s-garden-1896
227598,Alphonse Mucha,1895,227608,https://uploads6.wikiart.org/images/alphonse-mucha/amants-1895.jpg,Amants,https://wikiart.org/en/alphonse-mucha/amants-1895
235517,Edward Hopper,1930,235661,https://uploads6.wikiart.org/images/edward-hopper/the-long-leg.jpg,The Long Leg,https://wikiart.org/en/edward-hopper/the-long-leg
235517,Edward Hopper,1949,235545,https://uploads4.wikiart.org/images/edward-hopper/conference-at-night.jpg,Conference At Night,https://wikiart.org/en/edward-hopper/conference-at-night
189958,Jean-Francois Millet,1859,190022,https://uploads8.wikiart.org/images/jean-francois-millet/the-angelus-1859.jpg,The Angelus,https://wikiart.org/en/jean-francois-millet/the-angelus-1859
215455,Paul Cezanne,1890,215866,https://uploads8.wikiart.org/images/paul-cezanne/still-life-with-apples-1.jpg,Still life with Apples,https://wikiart.org/en/paul-cezanne/still-life-with-apples-1
235517,Edward Hopper,1942,235593,https://uploads4.wikiart.org/images/edward-hopper/nighthawks.jpg,Nighthawks,https://wikiart.org/en/edward-hopper/nighthawks
193104,Michelangelo,1510,193173,https://uploads1.wikiart.org/images/michelangelo/sistine-chapel-ceiling-creation-of-adam-1510.jpg,Sistine Chapel Ceiling: Creation of Adam,https://wikiart.org/en/michelangelo/sistine-chapel-ceiling-creation-of-adam-1510
232329,William-Adolphe Bouguereau,1900,232331,https://uploads2.wikiart.org/images/william-adolphe-bouguereau/a-childhood-idyll-1900.jpg,A Childhood Idyll,https://wikiart.org/en/william-adolphe-bouguereau/a-childhood-idyll-1900
235517,Edward Hopper,1958,235651,https://uploads7.wikiart.org/images/edward-hopper/sunlights-in-cafeteria.jpg,Sunlights in Cafeteria,https://wikiart.org/en/edward-hopper/sunlights-in-cafeteria
204422,M.C. Escher,1958,204453,https://uploads5.wikiart.org/images/m-c-escher/circle-limit-i.jpg,Circle Limit I,https://wikiart.org/en/m-c-escher/circle-limit-i
225091,Leonardo da Vinci,1495,225282,https://uploads0.wikiart.org/images/leonardo-da-vinci/the-last-supper-1495.jpg,The Last Supper,https://wikiart.org/en/leonardo-da-vinci/the-last-supper-1495
230332,Henri de Toulouse-Lautrec,1890,230372,https://uploads4.wikiart.org/images/henri-de-toulouse-lautrec/at-the-moulin-rouge-the-dance-1890.jpg,"At the Moulin Rouge, The Dance",https://wikiart.org/en/henri-de-toulouse-lautrec/at-the-moulin-rouge-the-dance-1890
225091,Leonardo da Vinci,1483,225204,https://uploads4.wikiart.org/images/leonardo-da-vinci/scythed-chariot.jpg,Scythed Chariot,https://wikiart.org/en/leonardo-da-vinci/scythed-chariot
222127,Katsushika Hokusai,-1,222218,https://uploads7.wikiart.org/images/katsushika-hokusai/kajikazawa-in-kai-province.jpg,Kajikazawa in Kai Province,https://wikiart.org/en/katsushika-hokusai/kajikazawa-in-kai-province
213253,Edgar Degas,1872,213358,https://uploads3.wikiart.org/images/edgar-degas/dance-opera.jpg,Dance Opera,https://wikiart.org/en/edgar-degas/dance-opera
211667,Claude Monet,1866,211714,https://uploads4.wikiart.org/images/claude-monet/adolphe-monet-reading-in-the-garden(1).jpg,Adolphe Monet Reading in the Garden,https://wikiart.org/en/claude-monet/adolphe-monet-reading-in-the-garden
250406,Canaletto,1746,250550,https://uploads6.wikiart.org/images/canaletto/the-river-thames-with-st-paul-s-cathedral-on-lord-mayor-s-day.jpg,The River Thames with St. Paul's Cathedral on Lord Mayor's Day,https://wikiart.org/en/canaletto/the-river-thames-with-st-paul-s-cathedral-on-lord-mayor-s-day
235517,Edward Hopper,1950,235538,https://uploads1.wikiart.org/images/edward-hopper/cape-cod-morning.jpg,Cape Cod Morning,https://wikiart.org/en/edward-hopper/cape-cod-morning
186729,Pieter Bruegel the Elder,1563,186888,https://uploads7.wikiart.org/images/pieter-bruegel-the-elder/the-triumph-of-death.jpg,The Triumph of Death,https://www.wikiart.org/en/pieter-bruegel-the-elder/the-triumph-of-death-1562-1
225091,Leonardo da Vinci,1473,225176,https://uploads2.wikiart.org/images/leonardo-da-vinci/landscape-drawing-for-santa-maria-della-neve-1473.jpg,Landscape drawing for Santa Maria della Neve,https://wikiart.org/en/leonardo-da-vinci/landscape-drawing-for-santa-maria-della-neve-1473
194778,Hieronymus Bosch,1480,195390,https://uploads6.wikiart.org/images/hieronymus-bosch/the-concert-in-the-egg-1480.jpg,The Concert in the Egg,https://wikiart.org/en/hieronymus-bosch/the-concert-in-the-egg-1480
191982,Edouard Manet,1862,192065,https://uploads2.wikiart.org/images/edouard-manet/music-in-the-tuileries-gardens-1862.jpg,Music in the Tuileries Garden,https://www.wikiart.org/en/edouard-manet/music-in-the-tuileries-garden-1862-1
225091,Leonardo da Vinci,1494,225238,https://uploads7.wikiart.org/images/leonardo-da-vinci/study-for-the-last-supper-1.jpg,Study for the Last Supper,https://wikiart.org/en/leonardo-da-vinci/study-for-the-last-supper-1
191443,Gustav Klimt,1908,191470,https://uploads3.wikiart.org/images/gustav-klimt/danae-1908.jpg,Danae,https://wikiart.org/en/gustav-klimt/danae-1908
211667,Claude Monet,1871,212744,https://uploads8.wikiart.org/images/claude-monet/the-train-in-the-country.jpg,The Train in the Country,https://wikiart.org/en/claude-monet/the-train-in-the-country
204915,Vincent van Gogh,1889,206176,https://uploads8.wikiart.org/images/vincent-van-gogh/irises-1889.jpg,Irises,https://wikiart.org/en/vincent-van-gogh/irises-1889
211667,Claude Monet,1899,212560,https://uploads1.wikiart.org/images/claude-monet/the-japanese-bridge-the-water-lily-pond-1899.jpg,The Japanese Bridge (The Water-Lily Pond),https://wikiart.org/en/claude-monet/the-japanese-bridge-the-water-lily-pond-1899
235517,Edward Hopper,1947,235643,https://uploads8.wikiart.org/images/edward-hopper/summer-evening.jpg,Summer Evening,https://wikiart.org/en/edward-hopper/summer-evening
188828,Sandro Botticelli,1480,189110,https://uploads5.wikiart.org/images/sandro-botticelli/the-abyss-of-hell-1480(1).jpg,The Abyss of Hell,https://wikiart.org/en/sandro-botticelli/the-abyss-of-hell-1480
199938,Paul Klee,1914,222131,https://uploads1.wikiart.org/images/paul-klee/in-the-style-of-kairouan-1914.jpg,In the Style of Kairouan,https://wikiart.org/en/paul-klee/in-the-style-of-kairouan-1914
227598,Alphonse Mucha,1897,227633,https://uploads4.wikiart.org/images/alphonse-mucha/cropped-print-of-four-panels-each-depicting-one-of-the-four-seasons-personified-by-a-woman.jpg,Cropped print of four panels each depicting one of the four seasons personified by a woman,https://wikiart.org/en/alphonse-mucha/cropped-print-of-four-panels-each-depicting-one-of-the-four-seasons-personified-by-a-woman
204422,M.C. Escher,1938,204433,https://uploads0.wikiart.org/images/m-c-escher/bird-fish.jpg,Bird Fish,https://wikiart.org/en/m-c-escher/bird-fish
191443,Gustav Klimt,1902,191592,https://uploads5.wikiart.org/images/gustav-klimt/the-beethoven-frieze-the-hostile-powers-far-wall.jpg,The Beethoven Frieze: The Hostile Powers. Far Wall,https://www.wikiart.org/en/gustav-klimt/the-beethoven-frieze-the-hostile-powers-far-wall-1902-1
213253,Edgar Degas,1879,213784,https://uploads1.wikiart.org/images/edgar-degas/two-ballet-dancers.jpg,Two Ballet Dancers,https://wikiart.org/en/edgar-degas/two-ballet-dancers
189246, Wassily Kandinsky,1903,189273,https://uploads4.wikiart.org/images/wassily-kandinsky/blue-rider-1903.jpg,Blue rider,https://wikiart.org/en/wassily-kandinsky/blue-rider-1903
240414,Paul Signac,1909,240492,https://uploads5.wikiart.org/images/paul-signac/the-pine-tree-at-st-tropez-1909.jpg,The Pine Tree at St. Tropez,https://wikiart.org/en/paul-signac/the-pine-tree-at-st-tropez-1909
235517,Edward Hopper,1940,235562,https://uploads6.wikiart.org/images/edward-hopper/gas.jpg,Gas,https://wikiart.org/en/edward-hopper/gas
216353,Peter Paul Rubens,1600,216492,https://uploads6.wikiart.org/images/peter-paul-rubens/leda-and-the-swan.jpg,Leda and the Swan,https://wikiart.org/en/peter-paul-rubens/leda-and-the-swan
235517,Edward Hopper,1939,235566,https://uploads6.wikiart.org/images/edward-hopper/ground-swell.jpg,Ground Swell,https://wikiart.org/en/edward-hopper/ground-swell
204422,M.C. Escher,1938,204475,https://uploads4.wikiart.org/images/m-c-escher/day-and-night.jpg,Day and Night,https://wikiart.org/en/m-c-escher/day-and-night
211667,Claude Monet,1885,211898,https://uploads5.wikiart.org/images/claude-monet/etretat-cliff-of-d-aval-sunset.jpg,"Etretat, Cliff of d`Aval, Sunset",https://wikiart.org/en/claude-monet/etretat-cliff-of-d-aval-sunset
211667,Claude Monet,1864,211801,https://uploads3.wikiart.org/images/claude-monet/by-the-sea.jpg,By the Sea,https://wikiart.org/en/claude-monet/by-the-sea
250832,Octavio Ocampo,-1,250848,https://uploads1.wikiart.org/images/octavio-ocampo/kiss-of-the-sea.jpg,Kiss of the Sea,https://wikiart.org/en/octavio-ocampo/kiss-of-the-sea
189246, Wassily Kandinsky,1913,282911,https://uploads4.wikiart.org/images/wassily-kandinsky/color-study-squares-with-concentric-circles-1913(1).jpg,Color Study: Squares with Concentric Circles,https://wikiart.org/en/wassily-kandinsky/color-study-squares-with-concentric-circles-1913
189246, Wassily Kandinsky,1913,189287,https://uploads8.wikiart.org/images/wassily-kandinsky/composition-vi-1913.jpg,Composition VI,https://wikiart.org/en/wassily-kandinsky/composition-vi-1913
191443,Gustav Klimt,1902,191595,https://uploads3.wikiart.org/images/gustav-klimt/the-beethoven-frieze-the-longing-for-happiness-finds-repose-in-poetry-right-wall-1.jpg,The Beethoven Frieze: The Longing for Happiness Finds Repose in Poetry. Right wall,https://www.wikiart.org/en/gustav-klimt/the-beethoven-frieze-the-longing-for-happiness-finds-repose-in-poetry-right-wall-1902-1
227598,Alphonse Mucha,1896,227815,https://uploads1.wikiart.org/images/alphonse-mucha/prophetess-1896.jpg,Prophetess,https://wikiart.org/en/alphonse-mucha/prophetess-1896
211667,Claude Monet,1863,212386,https://uploads3.wikiart.org/images/claude-monet/still-life-with-bottles-1863.jpg,Still Life With Bottles,https://wikiart.org/en/claude-monet/still-life-with-bottles-1863
231885,Lucian Freud,2004,232017,https://uploads0.wikiart.org/images/lucian-freud/irish-woman-on-a-bed-2004.jpg,Irish Woman on a Bed,https://wikiart.org/en/lucian-freud/irish-woman-on-a-bed-2004
225091,Leonardo da Vinci,1506,225235,https://uploads6.wikiart.org/images/leonardo-da-vinci/study-for-the-head-of-leda.jpg,Study for the Head of Leda,https://wikiart.org/en/leonardo-da-vinci/study-for-the-head-of-leda
235517,Edward Hopper,1963,235647,https://uploads5.wikiart.org/images/edward-hopper/sun-in-an-empty-room.jpg,Sun in an Empty Room,https://wikiart.org/en/edward-hopper/sun-in-an-empty-room
203953,Fra Angelico,1434,203968,https://uploads1.wikiart.org/images/fra-angelico/annunciation-1434.jpg,Annunciation,https://wikiart.org/en/fra-angelico/annunciation-1434
191443,Gustav Klimt,1887,191483,https://uploads4.wikiart.org/images/gustav-klimt/female-nude.jpg,Female Nude,https://wikiart.org/en/gustav-klimt/female-nude
235517,Edward Hopper,1952,235587,https://uploads5.wikiart.org/images/edward-hopper/morning-sun.jpg,Morning Sun,https://wikiart.org/en/edward-hopper/morning-sun
231885,Lucian Freud,1974,232117,https://uploads0.wikiart.org/images/lucian-freud/small-naked-portrait-1974.jpg,Small Naked Portrait,https://wikiart.org/en/lucian-freud/small-naked-portrait-1974
213253,Edgar Degas,1872,213357,https://uploads3.wikiart.org/images/edgar-degas/dance-class-at-the-opera-1872.jpg,Dance Class at the Opera,https://wikiart.org/en/edgar-degas/dance-class-at-the-opera-1872
186729,Pieter Bruegel the Elder,1564,186740,https://uploads8.wikiart.org/images/pieter-bruegel-the-elder/christ-carrying-the-cross-1564.jpg,The Procession to Calvary,https://wikiart.org/en/pieter-bruegel-the-elder/christ-carrying-the-cross-1564
230928,Filippo Brunelleschi,1428,230939,https://uploads6.wikiart.org/images/filippo-brunelleschi/perspective-drawing-for-church-of-santo-spirito-in-florence.jpg,Perspective drawing for Church of Santo Spirito in Florence,https://wikiart.org/en/filippo-brunelleschi/perspective-drawing-for-church-of-santo-spirito-in-florence
235517,Edward Hopper,1952,235567,https://uploads4.wikiart.org/images/edward-hopper/hotel-by-a-railroad.jpg,Hotel By A Railroad,https://wikiart.org/en/edward-hopper/hotel-by-a-railroad
189246, Wassily Kandinsky,1923,189289,https://uploads1.wikiart.org/images/wassily-kandinsky/composition-viii-1923.jpg,Composition VIII,https://wikiart.org/en/wassily-kandinsky/composition-viii-1923
211667,Claude Monet,1884,211992,https://uploads4.wikiart.org/images/claude-monet/haystacks-at-giverny.jpg,Haystacks at Giverny,https://wikiart.org/en/claude-monet/haystacks-at-giverny
204422,M.C. Escher,1939,204591,https://uploads7.wikiart.org/images/m-c-escher/metamorphosis-ii.jpg,Metamorphosis II,https://wikiart.org/en/m-c-escher/metamorphosis-ii
211667,Claude Monet,1864,212344,https://uploads7.wikiart.org/images/claude-monet/seacoast-at-saint-adresse-sunset.jpg,"Seacoast at Saint-Adresse, Sunset",https://wikiart.org/en/claude-monet/seacoast-at-saint-adresse-sunset
191982,Edouard Manet,1874,192174,https://uploads3.wikiart.org/images/edouard-manet/the-monet-family-in-their-garden-at-argenteuil-1874(1).jpg,The Monet family in their garden at Argenteuil,https://wikiart.org/en/edouard-manet/the-monet-family-in-their-garden-at-argenteuil-1874
211667,Claude Monet,1874,211771,https://uploads5.wikiart.org/images/claude-monet/boaters-at-argenteuil.jpg,Boaters at Argenteuil,https://wikiart.org/en/claude-monet/boaters-at-argenteuil
204915,Vincent van Gogh,1889,206219,https://uploads3.wikiart.org/images/vincent-van-gogh/landscape-with-house-and-ploughman-1889(2).jpg,Landscape with House and Ploughman,https://wikiart.org/en/vincent-van-gogh/landscape-with-house-and-ploughman-1889
195044,Honore Daumier,1831,195557,https://uploads4.wikiart.org/images/honore-daumier/gargantua.jpg,Gargantua,https://www.wikiart.org/en/honore-daumier/gargantua-1831
211667,Claude Monet,1864,211785,https://uploads6.wikiart.org/images/claude-monet/boatyard-near-honfleur.jpg,Boatyard near Honfleur,https://wikiart.org/en/claude-monet/boatyard-near-honfleur
198614,Francisco de Zurbaran,1640,198620,https://uploads4.wikiart.org/images/francisco-zurbaran/agnus-dei-1640.jpg,Agnus Dei,https://wikiart.org/en/francisco-zurbaran/agnus-dei-1640
236422,John Everett Millais,1852,236481,https://uploads8.wikiart.org/images/john-everett-millais/ophelia.jpg,Ophelia,https://wikiart.org/en/john-everett-millais/ophelia
211667,Claude Monet,1863,211711,https://uploads0.wikiart.org/images/claude-monet/a-farmyard-in-normandy(1).jpg,A Farmyard in Normandy,https://wikiart.org/en/claude-monet/a-farmyard-in-normandy
191143,John Constable,-1,191203,https://uploads1.wikiart.org/images/john-constable/nuvens.jpg,Nuvens,https://wikiart.org/en/john-constable/nuvens
231885,Lucian Freud,1983,232027,https://uploads3.wikiart.org/images/lucian-freud/large-interior-w11-after-watteau-1983.jpg,Large Interior W11 (after Watteau),https://wikiart.org/en/lucian-freud/large-interior-w11-after-watteau-1983
211667,Claude Monet,1864,212065,https://uploads0.wikiart.org/images/claude-monet/lighthouse-at-the-hospice.jpg,Lighthouse at the Hospice,https://wikiart.org/en/claude-monet/lighthouse-at-the-hospice
235517,Edward Hopper,1928,235605,https://uploads7.wikiart.org/images/edward-hopper/not_detected_235605(1).jpg,Manhattan Bridge Loop,https://wikiart.org/en/edward-hopper/not_detected_235605
254484,El Lissitzky,1920,254490,https://uploads5.wikiart.org/images/el-lissitzky/beat-the-whites-with-the-red-wedge-1920.jpg,Beat the Whites with the Red Wedge,https://wikiart.org/en/el-lissitzky/beat-the-whites-with-the-red-wedge-1920
211667,Claude Monet,1890,212224,https://uploads6.wikiart.org/images/claude-monet/poppy-field-in-giverny.jpg,Poppy Field in Giverny,https://wikiart.org/en/claude-monet/poppy-field-in-giverny
187964,John William Waterhouse,1888,188057,https://uploads1.wikiart.org/images/john-william-waterhouse/the-lady-of-shalott-1888.jpg,The Lady of Shalott,https://wikiart.org/en/john-william-waterhouse/the-lady-of-shalott-1888
190436,Paul Gauguin,1893,190808,https://uploads7.wikiart.org/images/paul-gauguin/tahitian-mountains-1893.jpg,Tahitian mountains,https://wikiart.org/en/paul-gauguin/tahitian-mountains-1893
199938,Paul Klee,1928,202158,https://uploads5.wikiart.org/images/paul-klee/cat-and-bird(1).jpg,Cat and Bird,https://wikiart.org/en/paul-klee/cat-and-bird
190436,Paul Gauguin,1873,190604,https://uploads5.wikiart.org/images/paul-gauguin/in-the-forest-saint-cloud-1873.jpg,In the forest Saint Cloud,https://wikiart.org/en/paul-gauguin/in-the-forest-saint-cloud-1873
211667,Claude Monet,1873,212002,https://uploads4.wikiart.org/images/claude-monet/houses-at-argenteuil.jpg,Houses at Argenteuil,https://wikiart.org/en/claude-monet/houses-at-argenteuil
191443,Gustav Klimt,1913,191613,https://uploads8.wikiart.org/images/gustav-klimt/the-virgin-1913.jpg,The Virgin,https://wikiart.org/en/gustav-klimt/the-virgin-1913
235517,Edward Hopper,1940,235607,https://uploads7.wikiart.org/images/edward-hopper/not_detected_235607(1).jpg,Room in New York,https://wikiart.org/en/edward-hopper/not_detected_235607
231885,Lucian Freud,1944,232148,https://uploads7.wikiart.org/images/lucian-freud/the-painter-s-room-1944.jpg,The Painter's Room,https://wikiart.org/en/lucian-freud/the-painter-s-room-1944
191443,Gustav Klimt,1907,191621,https://uploads8.wikiart.org/images/gustav-klimt/water-snakes-ii.jpg,Water Snakes II,https://wikiart.org/en/gustav-klimt/water-snakes-ii
211667,Claude Monet,1900,212038,https://uploads2.wikiart.org/images/claude-monet/irises-in-monet-s-garden-03.jpg,Irises in Monet's Garden,https://wikiart.org/en/claude-monet/irises-in-monet-s-garden-03
234080,Robert Delaunay,1939,234099,https://uploads3.wikiart.org/images/robert-delaunay/rythm-1.jpg,Rythm,https://wikiart.org/en/robert-delaunay/rythm-1
211667,Claude Monet,1864,212269,https://uploads5.wikiart.org/images/claude-monet/road-in-a-forest-fontainebleau.jpg,Road in a Forest Fontainebleau,https://wikiart.org/en/claude-monet/road-in-a-forest-fontainebleau
222127,Katsushika Hokusai,1831,222194,https://uploads8.wikiart.org/images/katsushika-hokusai/fuji-mountains-in-clear-weather-1831.jpg,"Fuji, Mountains in clear Weather  (Red Fuji)",https://wikiart.org/en/katsushika-hokusai/fuji-mountains-in-clear-weather-1831
189164,Francois Boucher,1740,189234,https://uploads3.wikiart.org/images/francois-boucher/triumph-of-venus-1740(1).jpg,The Birth and Triumph of Venus,https://www.wikiart.org/en/francois-boucher/the-birth-and-triumph-of-venus-1740-1
185320,Edvard Munch,1907,185474,https://uploads3.wikiart.org/images/edvard-munch/the-sick-child-1886.jpg,The Sick Child (later),https://wikiart.org/en/edvard-munch/the-sick-child-1886
211667,Claude Monet,1892,212213,https://uploads2.wikiart.org/images/claude-monet/poplars-on-the-banks-of-the-river-epte-seen-from-the-marsh-1892.jpg,"Poplars on the Banks of the River Epte, Seen from the Marsh",https://wikiart.org/en/claude-monet/poplars-on-the-banks-of-the-river-epte-seen-from-the-marsh-1892
210477,Raphael,1513,210555,https://uploads3.wikiart.org/images/raphael/putti-detail-from-the-sistine-madonna-1513.jpg,"Putti, detail from The Sistine Madonna",https://wikiart.org/en/raphael/putti-detail-from-the-sistine-madonna-1513
204915,Vincent van Gogh,1888,206979,https://uploads7.wikiart.org/images/vincent-van-gogh/still-life-with-blue-enamel-coffeepot-earthenware-and-fruit-1888.jpg,"Still Life with Blue Enamel Coffeepot, Earthenware and Fruit",https://wikiart.org/en/vincent-van-gogh/still-life-with-blue-enamel-coffeepot-earthenware-and-fruit-1888
204422,M.C. Escher,1921,204764,https://uploads8.wikiart.org/images/m-c-escher/paradise.jpg,Paradise,https://wikiart.org/en/m-c-escher/paradise
213253,Edgar Degas,1885,213430,https://uploads3.wikiart.org/images/edgar-degas/dancers-in-pink-1885.jpg,Dancers in Pink,https://wikiart.org/en/edgar-degas/dancers-in-pink-1885
190436,Paul Gauguin,1888,190890,https://uploads2.wikiart.org/images/paul-gauguin/the-vision-after-the-sermon-jacob-wrestling-with-the-angel-1888.jpg,The Vision after the Sermon (Jacob wrestling with the Angel),https://wikiart.org/en/paul-gauguin/the-vision-after-the-sermon-jacob-wrestling-with-the-angel-1888
235517,Edward Hopper,1943,235646,https://uploads4.wikiart.org/images/edward-hopper/summertime.jpg,Summertime,https://wikiart.org/en/edward-hopper/summertime
234080,Robert Delaunay,-1,234085,https://uploads2.wikiart.org/images/robert-delaunay/color-explosion.jpg,Color Explosion,https://wikiart.org/en/robert-delaunay/color-explosion
190436,Paul Gauguin,1888,190515,https://uploads6.wikiart.org/images/paul-gauguin/breton-woman-and-goose-by-the-water-1888.jpg,Breton Woman and Goose by the Water,https://wikiart.org/en/paul-gauguin/breton-woman-and-goose-by-the-water-1888
211667,Claude Monet,1864,211904,https://uploads2.wikiart.org/images/claude-monet/farm-near-honfleur.jpg,Farm near Honfleur,https://wikiart.org/en/claude-monet/farm-near-honfleur
244678,Balthus,1945,244794,https://uploads4.wikiart.org/images/balthus/the-golden-years.jpg,The Golden Years,https://wikiart.org/en/balthus/the-golden-years
238672,William Turner,1831,238721,https://uploads7.wikiart.org/images/william-turner/fort-vimieux.jpg,Fort Vimieux,https://wikiart.org/en/william-turner/fort-vimieux
235517,Edward Hopper,1909,235645,https://uploads0.wikiart.org/images/edward-hopper/summer-interior.jpg,Summer Interior,https://wikiart.org/en/edward-hopper/summer-interior
222127,Katsushika Hokusai,1834,222161,https://uploads6.wikiart.org/images/katsushika-hokusai/canary-and-peony.jpg,Canary and Peony,https://wikiart.org/en/katsushika-hokusai/canary-and-peony
247591,Norman Rockwell,1944,247852,https://uploads4.wikiart.org/images/norman-rockwell/visits-a-ration-board-1944.jpg,Visits a Ration Board,https://wikiart.org/en/norman-rockwell/visits-a-ration-board-1944
204915,Vincent van Gogh,1862,207100,https://uploads6.wikiart.org/images/vincent-van-gogh/the-goat-herd-1862.jpg,The Goat Herd,https://wikiart.org/en/vincent-van-gogh/the-goat-herd-1862
193829,Francisco Goya,1814,193917,https://uploads4.wikiart.org/images/francisco-goya/execution-of-the-defenders-of-madrid-3rd-may-1808-1814.jpg,The Third of May 1808 (Execution of the Defenders of Madrid),https://www.wikiart.org/en/francisco-goya/the-third-of-may-1808-execution-of-the-defenders-of-madrid-1814-1
235517,Edward Hopper,1913,235618,https://uploads5.wikiart.org/images/edward-hopper/queensborough-bridge.jpg,Queensborough-Bridge,https://wikiart.org/en/edward-hopper/queensborough-bridge
211667,Claude Monet,1886,212664,https://uploads6.wikiart.org/images/claude-monet/the-rocks-of-belle-lle.jpg,The rocks of Belle-Ile,https://wikiart.org/en/claude-monet/the-rocks-of-belle-lle
231885,Lucian Freud,1980,232063,https://uploads0.wikiart.org/images/lucian-freud/naked-man-with-his-friend.jpg,Naked Man with his Friend,https://wikiart.org/en/lucian-freud/naked-man-with-his-friend
211667,Claude Monet,1899,212949,https://uploads7.wikiart.org/images/claude-monet/water-lilies-evening-effect-1899.jpg,"Water Lilies, Evening Effect",https://wikiart.org/en/claude-monet/water-lilies-evening-effect-1899
192971,Mikalojus Konstantinas Ciurlionis,1909,194266,https://uploads3.wikiart.org/images/mikalojus-ciurlionis/castle-castle-fairy-tale-1909.jpg,Castle (Castle Fairy Tale),https://wikiart.org/en/mikalojus-ciurlionis/castle-castle-fairy-tale-1909
235517,Edward Hopper,1962,235589,https://uploads0.wikiart.org/images/edward-hopper/new-york-office.jpg,New York Office,https://wikiart.org/en/edward-hopper/new-york-office
184883,Friedensreich Hundertwasser,1994,192618,https://uploads8.wikiart.org/images/friedensreich-hundertwasser/city-view.jpg,992 City View,https://wikiart.org/en/friedensreich-hundertwasser/city-view
186729,Pieter Bruegel the Elder,1560,186738,https://uploads8.wikiart.org/images/pieter-bruegel-the-elder/children-s-games-1560.jpg,Children's Games,https://wikiart.org/en/pieter-bruegel-the-elder/children-s-games-1560
225091,Leonardo da Vinci,1482,225127,https://uploads3.wikiart.org/images/leonardo-da-vinci/design-for-a-giant-crossbow-1482.jpg,Design for a Giant Crossbow,https://wikiart.org/en/leonardo-da-vinci/design-for-a-giant-crossbow-1482
191443,Gustav Klimt,1905,191611,https://uploads3.wikiart.org/images/gustav-klimt/the-three-ages-of-woman-1905.jpg,The Three Ages of Woman,https://wikiart.org/en/gustav-klimt/the-three-ages-of-woman-1905
231885,Lucian Freud,1968,232058,https://uploads0.wikiart.org/images/lucian-freud/naked-girl-asleep-ii-1968.jpg,Naked Girl Asleep II,https://wikiart.org/en/lucian-freud/naked-girl-asleep-ii-1968
192701,Giotto,1306,192752,https://uploads3.wikiart.org/images/giotto/lamentation-the-mourning-of-christ.jpg,Lamentation (The Mourning of Christ),https://www.wikiart.org/en/giotto/lamentation-the-mourning-of-christ-1306-1
277874,Emil Nolde,1911,277899,https://uploads6.wikiart.org/images/emil-nolde/mask-still-life-iii-1911.jpg,Mask Still Life III,https://wikiart.org/en/emil-nolde/mask-still-life-iii-1911
244678,Balthus,1937,244808,https://uploads8.wikiart.org/images/balthus/the-white-skirt-1937.jpg,The white skirt,https://wikiart.org/en/balthus/the-white-skirt-1937
235517,Edward Hopper,1936,235657,https://uploads3.wikiart.org/images/edward-hopper/the-circle-theatre.jpg,The Circle Theatre,https://wikiart.org/en/edward-hopper/the-circle-theatre
